From:
To:
Date:
Subject: List of traditional star names
This is a '''list of traditional names for stars''', mostly from Arabic and Latin. To find out more about any of these stars, look them up in the SIMBAD international database: * [http://simbad.u-strasbg.fr/sim-fid.pl SIMBAD online] __NOTOC__ == A == {| class="wikitable" |- bgcolor="#BBBBFF" ! Proper Name !! Other |- |Theta Eridani || Theta Eridani |- |Achernar || Alpha Eridani |- |Eta Cassiopeiae || Eta Cassiopeiae |- |Beta Scorpii || Beta Scorpii |- |Acrux || Alpha Crucis |- |Alpha Cancri || Alpha Cancri |- |Zeta Leonis || Zeta Leonis |- |Epsilon Canis Majoris || Epsilon Canis Majoris |- |Epsilon Tauri || Epsilon Tauri |- |Al Kalb al Rai || Rho2 Cephei |- |Kappa Leonis || Kappa Leonis |- |Alpha Capricorni || Alpha Capricorni |- |Alpha Gruis || Alpha Gruis |- |Sigma Scorpii || Sigma Scorpii |- |Eta Lyrae || Eta Lyrae |- |Gamma Andromedae || Gamma Andromedae |- |Mu Lyrae || Mu Lyrae |- |Pi Sagittarii || Pi Sagittarii |- |Epsilon Aquarii || Epsilon Aquarii |- |Albireo || Beta Cygni |- |Alpha Corvi || Alpha Corvi |- |Alcor (star) || 80 Ursae Majoris |- |Alcyone (star) || Eta Tauri |- |Aldebaran || Alpha Tauri |- |Alpha Cephei || Alpha Cephei |- |Zeta Leonis || Zeta Leonis |- |Gamma Gruis || Gamma Gruis |- |Zeta Draconis || Zeta Draconis |- |Alpha Coronae Australis || Alpha Coronae Australis |- |Beta Cephei || Beta Cephei |- |Alpha Capricorni || Alpha Capricorni |- |Algenib || Alpha Persei and Gamma Pegasi |- |Gamma Leonis || Gamma Leonis |- |Algol || Beta Persei |- |Delta Corvi || Delta Corvi |- |Gamma Geminorum || Gamma Geminorum |- |Epsilon Ursae Majoris || Epsilon Ursae Majoris |- |Eta Ursae Majoris || Eta Ursae Majoris |- |Mu Bootis || Mu Bootis |- |Alpha Crateris || Alpha Crateris |- |Xi Cephei || Xi Cephei |- |Gamma Andromedae || Gamma Andromedae |- |Epsilon Orionis || Epsilon Orionis |- |Zeta Orionis || Zeta Orionis |- |Tau Scorpii || Tau Scorpii |- |Alpha Centauri |- |Alphard || |- |Alpha Andromedae || Alpha Andromedae |- |Mu Draconis || Mu Draconis |- |Alpha Piscium || Alpha Piscium |- |Sigma Draconis || Sigma Draconis |- |Beta Aquilae || Beta Aquilae |- |Nu Capricorni || Nu Capricorni |- |Beta Cancri || Beta Cancri |- |Altair || Alpha Aquilae |- |Delta Draconis || Delta Draconis |- |Lambda Leonis || Lambda Leonis |- |Eta Canis Majoris || Eta Canis Majoris |- |Xi Ursae Majoris || Xi Ursae Majoris |- |Nu Ursae Majoris || Nu Ursae Majoris |- |Beta Draconis || Beta Draconis |- |Theta Serpentis || Theta Serpentis |- |Xi Geminorum || Xi Geminorum |- |Theta Aquarii || Theta Aquarii |- |Tau2 Eridani || Tau2 Eridani |- |Alpha Phoenicis || Alpha Phoenicis |- |Antares || Alpha Scorpii |- |Arcturus || Alpha Bootis |- |Alpha Coronae Borealis || Alpha Coronae Borealis |- |Beta1 Sagittarii || Beta 1 Sagittarii |- |Beta2 Sagittarii || Beta 2 Sagittarii |- |Alpha Leporis || Alpha Leporis |- |Mu Draconis || Mu Draconis |- |Beta Sagittarii || Beta Sagittarii |- |Zeta Sagittarii || Zeta Sagittarii |- |Delta Cancri || Delta Cancri |- |Gamma Cancri || Gamma Cancri |- |Theta Bootis || Theta Bootis |- |Iota Bootis || Iota Bootis |- |Kappa Bootis || Kappa Bootis |- |Zeta Sagittarii || Zeta Sagittarii |- |Iota Carinae || Iota Carinae |- |Beta Canum Venaticorum || Beta Canum Venaticorum |- |Asterope (star) || 21 Tauri |- |Omicron Persei || Omicron Persei |- |Atlas (star) || 27 Tauri |- |Alpha Trianguli Australis || Alpha Trianguli Australis |- |Epsilon Carinae || Epsilon Carinae |- |Zeta Aurigae || Zeta Aurigae |- |Pi1 Cygni || Pi1 Cygni |- |Eta Eridani || Eta Eridani |- |Xi Puppis || Xi Puppis |} == B == {| class="wikitable" |- bgcolor="#BBBBFF" ! Proper Name !! Designation |- |Theta Pegasi || Theta Pegasi |- |Zeta Ceti || Zeta Ceti |- |Becrux || Mimosa, Beta Crucis |- |Omicron1 Eridani || Omicron1 Eridani |- |Gamma Orionis || Gamma Orionis |- |Eta Ursae Majoris || Eta Ursae Majoris |- |Betelgeuse || Alpha Orionis |- |Beta Trianguli Australis || Beta Trianguli Australis |- |41 Arietis || 41 Arietis |- |Delta Arietis || Delta Arietis |- |Sigma Librae || Sigma Librae |- |Xi Aquarii || Xi Aquarii |} == C == {| class="wikitable" |- bgcolor="#BBBBFF" ! Proper Name !! Designation |- |Canopus || Alpha Carinae |- |Capella || Alpha Aurigae |- |Beta Cassiopeiae || Beta Cassiopeiae |- |Castor (star) || Alpha Geminorum |- |Beta Ophiuchi || Beta Ophiuchi |- |Celaeno (star) || 16 Tauri |- |Chara (star) || Alpha Canum Venaticorum or sometimes Beta |- |Beta Ophiuchi || Beta Ophiuchi |- |Theta Leonis || Theta Leonis |- |Theta Leonis || Theta Leonis |- |Beta Serpentis || Beta Serpentis |- |Beta Eridani || Beta Eridani |} == D == {| class="wikitable" |- bgcolor="#BBBBFF" ! Proper Name !! Designation |- |Beta Capricorni || Beta Capricorni |- |Delta Crucis || Delta Crucis |- |Deneb || Alpha Cygni |- |Delta Capricorni || Delta Capricorni |- |Epsilon Delphini || Epsilon Delphini |- |Zeta Aquilae || Zeta Aquilae |- |Beta Leonis || Beta Leonis |- |Beta Ceti || Beta Ceti |- |Iota Ceti || Iota Ceti |- |Eta Ceti || Eta Ceti |- |Alpha Comae Berenices || Alpha Comae Berenices |- |Beta Ceti || Beta Ceti |- |Iota Ursae Majoris || |- |Delta Scorpii || Delta Scorpii |- |Alpha Ursae Majoris || Alpha Ursae Majoris |- |Delta Leonis || Delta Leonis |} == E == {| class="wikitable" |- bgcolor="#BBBBFF" ! Proper Name !! Designation |- |Iota Draconis || Iota Draconis |- |Electra (star) || 17 Tauri |- |Alpha Trianguli || Alpha Triangoli |- |Beta Tauri || Beta Tauri |- |Gamma Draconis || |- |Epsilon Pegasi || Epsilon Pegasi |- |Gamma Cephei || Gamma Cephei |- |Gamma Draconis || Gamma Draconis |} == F == {| class="wikitable" |- bgcolor="#BBBBFF" ! Proper Name !! Designation |- |Fomalhaut || Alpha Piscis Austrini |- |Beta Piscium || Beta Piscium |- |Zeta Canis Majoris || Zeta Canis Majoris |} == G == {| class="wikitable" |- bgcolor="#BBBBFF" ! Proper Name !! Designation |- |Gacrux || Gamma Crucis |- |Mu Cephei || Mu Cephei |- |Gamma Trianguli Australis || Gamma Trianguli Australis |- |GJ 1061 |- |Lambda Draconis || Lambda Draconis |- |Alpha Capricorni || Alpha Capricorni |- |Gamma Corvi || Gamma Corvi |- |Epsilon Cygni || Epsilon Cygni |- |Kappa Scorpii || Kappa Scorpii |- |Beta Canis Minoris || Beta Canis Minoris |- |Rho Persei || Rho Persei |- |Xi Scorpii || Xi Scorpii |- |Xi Draconis || Xi Draconis |} == H == {| class="wikitable" |- bgcolor="#BBBBFF" ! Proper Name !! Designation |- |Beta Centauri || Beta Centauri |- |Sigma Puppis || Sigma Puppis |- |Epsilon Aurigae || Epsilon Aurigae |- |Alpha Arietis || Alpha Arietis |- |Iota Aurigae || Iota Aurigae |- |Alpha Hydri || Alpha Hydri |- |Lambda Orionis || Lambda Orionis |- |Zeta Virginis || Zeta Virginia |- |Zeta Pegasi || Zeta Pegasi |- |Gamma Tauri || Gamma Tauri |- |Delta1 Tauri || Delta1 Tauri |} == I == {| class="wikitable" |- bgcolor="#BBBBFF" ! Proper Name !! Designation |- |Epsilon Boötis || Epsilon Bootis |} == J == {| class="wikitable" |- bgcolor="#BBBBFF" ! Proper Name !! Designation |- |Nu Scorpii || Nu Scorpii |} == K == {| class="wikitable" |- bgcolor="#BBBBFF" ! Proper Name !! Designation |- |Gamma Ceti || Gamma Ceti |- |Omega Herculis || Omega Herculis |- |Epsilon Sagittarii || Epsilon Sagittarii |- |Lambda Sagittarii || Lambda Sagittarii |- |Delta Sagittarii || Delta Sagittarii |- |Omicron2 Eridani || Omicron2 Eridani |- |Alpha Equulei || Alpha Equulei |- |Beta Ursae Minoris || Beta Ursae Minoris |- |Beta Herculis || Beta Herculis |- |Beta Corvi || Beta Corvi |- |Delta Cassiopeiae || Delta Cassiopeiae |- |Eta Piscium || Eta Piscium |- |Nu Draconis || Nu Draconis |} == L == {| class="wikitable" |- bgcolor="#BBBBFF" ! Proper Name !! Designation |- |Y Canum Venaticorum || Y Canum Venaticorum |- |Upsilon Scorpii || Upsilon Scorpii |- |Alpha Monocerotis || Alpha Monocerotis |- |Alpha Vulpeculae || Alpha Vulpeculae |} == M == {| class="wikitable" |- bgcolor="#BBBBFF" ! Proper Name !! Designation |- |Lambda Herculis || Lambda Herculis |- |Maia (star) || 20 Tauri |- |Theta Cassiopeiae || Theta Cassiopeiae |- |Lambda Ophiuchi || Lambda Ophiuchi |- |Markab (star) || Alpha Pegasi and HR 2948 |- |Eta Pegasi || Eta Pegasi |- |Epsilon Geminorum || Epsilon Geminorum |- | Delta Sagittarii || Delta Sagittarii |- |Delta Ursae Majoris || Delta Ursae Majoris |- | Lambda Orionis || Lambda Orionis |- |Zeta Geminorum || Zeta Geminorum |- |Alpha Ceti || Alpha Ceti |- |Beta Aurigae || Beta Aurigae |- |Alpha Ceti || Alpha Ceti |- |Theta Centauri || Theta Centauri |- |Xi Persei || Xi Persei |- |Zeta Persei || Zeta Persei |- |Beta Ursae Majoris || Beta Ursae Majoris |- |38 Bootis || 38 Bootis |- |Merope (star) || 23 Tauri |- |Gamma Arietis || Gamma Arietis |- |Beta Carinae || Beta Carinae |- |Becrux || |- |Sigma Hydrae || Sigma Hydrae |- |Delta Virginis || Delta Virginia |- |Epsilon Corvi || Epsilon Corvi |- |Delta Orionis || Delta Orionis |- |Mira || Omicron Ceti |- |Eta Persei || Eta Persei |- |Beta Andromedae || Beta Andromedae |- |Alpha Persei || Alpha Persei |- |Beta Canis Majoris || Beta Canis Majoris |- |Kappa Persei || Kappa Persei |- |Zeta Ursae Majoris || Zeta Ursae Majoris |- |Alpha Trianguli || Alpha Trianguli |- |Eta Bootis (or Mufrid) || Eta Bootis |- |Muliphein || Gamma Centauri, Gamma Canis Majoris |- |Beta Canis Majoris || Beta Canis Majoris |- |Muscida || Omicron Ursae Majoris, or Pi Ursae Majoris |} == N == {| class="wikitable" |- bgcolor="#BBBBFF" ! Proper Name !! Designation |- |Iota Orionis || Iota Orionis |- |Zeta Puppis || Zeta Puppis |- |Gamma Sagittarii || Gamma Sagit tarii |- |Gamma Capricorni || Gamma Capricorni |- |Epsilon Cassiopeiae || Epsilon Cassiopeiae |- |Beta Boötis || Beta Boötis |- |Beta Leporis || Beta Leporis |- |Sigma Sagittarii || Sigma Sagittarii |- |Beta Coronae Borealis || Beta Coronae Borealis |} == P == {| class="wikitable" |- bgcolor="#BBBBFF" ! Proper Name !! Designation |- |Gamma Ursae Majoris (or Phecda) || Gamma Ursae Majoris |- |Alpha Pavonis || Alpha Pavonis |- |Alpha Columbae || Alpha Columbae |- |Gamma Ursae Minoris || Gamma Ursae Minoris |- |Delta Ursae Minoris || Delta Ursae Minoris |- |Pleione (star) || 28 Tauri - see Pleiades (star cluster) |- |Sigma Octantis || Sigma Octantis |- |Polaris || Alpha Ursae Minoris |- |Pollux (star) || Beta Geminorum |- |Gamma Virginis || Gamma Virginia |- |46 Leo Minoris || 46 Leo Minoris |- |Procyon || Alpha Canis Minoris |- |Eta Geminorum || Eta Geminorum |- |Epsilon Boötis || Epsilon Boötis |} == R == {| class="wikitable" |- bgcolor="#BBBBFF" ! Proper Name !! Designation |- |Delta Eridani || Delta Eridani |- |Alpha Herculis || Alpha Herculis |- |Alpha Ophiuchi || Alpha Ophiuchi |- |Epsilon Leonis || Epsilon Leonis |- |Mu Leonis || Mu Leonis |- |Beta Draconis || Beta Draconis |- |Gamma Velorum || Gamma Velorum |- |Regulus || Alpha Leonis |- |Rigel || Beta Orionis |- |Alpha Centauri || Alpha Centauri |- |Mu Virginis || Mu Virginia |- |Beta Delphini || Beta Delphini |- |Omega 2 Cygni || Omega 2 Cygni |- |Delta Cassiopeiae || Delta Cassiopeiae |- |Alpha Sagittarii || Alpha Sagittarii |} == S == {| class="wikitable" |- bgcolor="#BBBBFF" ! Proper Name !! Designation |- |Zeta Ophiuchi || Zeta Ophiuchi |- |Gamma Aquarii || Gamma Aquarii |- |Mu Pegasi || Mu Pegasi |- |Alpha Aquarii || Alpha Aquarii |- |Beta Aquarii || Beta Aquarii |- |Zeta Aurigae || Zeta Aurigae |- |Gamma Cygni || Gamma Cygni |- |Saiph|| Kappa Orionis |- |Theta Scorpii || Theta Scorpii |- |Delta Herculis || Delta Herculis |- |53 Eridani || 53 Eridani |- |Beta Pegasi || Beta Pegasi |- |Delta Capricorni || Delta Capricorni |- |Alpha Cassiopeiae or Schedar || Alpha Cassiopeiae |- |Epsilon Cassiopeiae || Epsilon Cassiopeiae |- |Gamma Bootis || Gamma Bootis |- |Alpha Sagittae || Alpha Sagittae |- |Beta Lyrae || Beta Lyrae |- |Beta Arietis || Beta Arietis |- |Lambda Scorpii || Lambda Scorpii |- |Delta Aquarii || Delta Aquarii |- |Sirius || Alpha Canis Majoris |- |Kappa Aquarii || Kappa Aquarii |- |Spica || Alpha Virginia |- |Sterope II || 22 Tauri |- |Alpha Delphini || Alpha Delphini |- |Omicron Leonis || Omicron Leonis |- |Lambda Velorum || Lambda Velorum |- |Gamma Lyrae || Gamma Lyrae |- |Sun || sometimes known as Sol |- |Iota Virginis || Iota Virginia |} == T == {| class="wikitable" |- bgcolor="#BBBBFF" ! Proper Name !! Designation |- |Pi3 Orionis || Pi3 Orionis |- |Kappa Ursae Majoris || Kappa Ursae Majoris |- |Iota Ursae Majoris || Iota Ursae Majoris |- |Nu Ursae Majoris || Nu Ursae Majoris |- |Lambda Ursae Majoris || Lambda Ursae Majoris |- |Gamma Aquilae or Tarazed || Gamma Aquilae |- |Taygeta (star) || 19 Tauri |- |Zeta Cancri or Tegmine || Zeta Cancri |- |Omega Sagittarii || Omega Sagittarii |- |Mu Geminorum || Mu Geminorum |- |Eta Geminorum || Eta Geminorum |- |Upsilon Orionis || Upsilon Orionis |- |Upsilon2 Eridani || Upsilon2 Eridani |- |Thuban || Alpha Draconis |- |Tien Kuan || Zeta Tauri |- |Alpha Centauri || Alpha Centauri |- |Omicron Piscium || Omicron Piscium |- |Phi Velorum || Phi Velorum |- |Pi Puppis || Pi Puppis |- |Epsilon Draconis || Epsilon Draconis |} == U == {| class="wikitable" |- bgcolor="#BBBBFF" ! Proper Name !! Designation |- |Alpha Serpentis or Unukalhai || Alpha Serpentis |} == V == {| class="wikitable" |- bgcolor="#BBBBFF" ! Proper Name !! Designation |- |Vega || Alpha Lyrae |- |Epsilon Virginis || Epsilon Virginis |} == W == {| class="wikitable" |- bgcolor="#BBBBFF" ! Proper Name !! Designation |- |Delta Geminorum || Delta Geminorum |- |Beta Columbae || Beta Columbae |- |Epsilon Scorpii || Epsilon Scorpii |- |Delta Canis Majoris || Delta Canis Majoris |} == Y == {| class="wikitable" |- bgcolor="#BBBBFF" ! Proper Name !! Designation |- |Delta Ophiuchi || Delta Ophiuchi |- |Epsilon Ophiuchi || Epsilon Ophiuchi |- |Delta Ursae Minoris || Delta Ursae Minoris |} == Z == {| class="wikitable" |- bgcolor="#BBBBFF" ! Proper Name !! Designation |- |Eta Virginis || Eta Virginis |- |Gamma Eridani || Gamma Eridani |- |Beta Virginis || Beta Virginis |- |Gamma Librae || Gamma Librae |- |Delta Librae || Delta Librae |- |Alpha Librae || Alpha Librae |- |Beta Librae or Zubeneschamali || Beta Librae |} ==Related pages== * List of stars == Other websites == * [http://www.astro.uiuc.edu/~kaler/sow/sowlist.html Jim Kaler's star page] Category:Lists of stars
